"","player","season.x","DRAYMOND","X_id","salary","season.y","season_end","season_start","team","career_AST","career_FG%","career_PTS","position"
"1","Aaron Brooks","2018",-3.238316,"brookaa01",1471382,"2017-18",2018,2017,"Minnesota Timberwolves",3,"41.3",9.7,"Point Guard"
"2","Aaron Gordon","2018",1.179464,"gordoaa01",5504420,"2017-18",2018,2017,"Orlando Magic",2.2,"45.0",12.5,"Power Forward and Small Forward"
"3","Aaron Harrison","2018",-0.513968,"harriaa01",174571,"2017-18",2018,2017,"Dallas Mavericks",0.5,"26.1",2.3,"Shooting Guard"
"4","Aaron Jackson","2018",-7.791431,"jacksaa01",4608,"2017-18",2018,2017,"Houston Rockets",1,"33.3",8,"Point Guard"
"5","Abdel Nader","2018",-2.305092,"naderab01",1167333,"2017-18",2018,2017,"Boston Celtics",0.4,"38.7",3.6,"Small Forward"
"6","Al Horford","2018",2.735347,"horfoal01",27734405,"2017-18",2018,2017,"Boston Celtics",3.2,"52.5",14.1,"Center"
"7","Al Jefferson","2018",-0.6700933,"jeffeal01",9769821,"2017-18",2018,2017,"Indiana Pacers",1.5,"49.9",15.7,"Power Forward and Center"
"8","Al-Farouq Aminu","2018",0.939367,"aminual01",7319035,"2017-18",2018,2017,"Portland Trail Blazers",1.2,"42.3",7.7,"Power Forward and Small Forward"
"9","Alan Williams","2018",-2.083492,"willial03",6e+06,"2017-18",2018,2017,"Phoenix Suns",0.6,"50.6",6.2,"Power Forward and Center"
"10","Alec Burks","2018",-2.676581,"burksal01",10845506,"2017-18",2018,2017,"Utah Jazz",1.7,"42.3",9.5,"Shooting Guard"
"11","Alex Abrines","2018",-0.6406532,"abrinal01",5725000,"2017-18",2018,2017,"Oklahoma City Thunder",0.5,"38.7",5.3,"Shooting Guard"
"12","Alex Len","2018",0.5535545,"lenal01",4187599,"2017-18",2018,2017,"Phoenix Suns",0.8,"48.7",7.9,"Center"
"13","Alex Poythress","2018",0.9690092,"poythal01",778668,"2017-18",2018,2017,"Indiana Pacers",0.5,"47.2",3.8,"Power Forward"
"14","Alfonzo McKinnie","2018",2.833355,"mckinal01",815615,"2017-18",2018,2017,"Toronto Raptors",0.4,"49.0",4.2,"Small Forward"
"15","Allen Crabbe","2018",0.8271663,"crabbal01",19332500,"2017-18",2018,2017,"Brooklyn Nets",1.2,"42.9",9.5,"Shooting Guard"
"16","Amir Johnson","2018",1.458153,"johnsam01",1.1e+07,"2017-18",2018,2017,"Philadelphia 76ers",1.2,"57.0",7,"Center and Small Forward and Power Forward"
"17","Andre Drummond","2018",-0.0915594,"drumman01",23775506,"2017-18",2018,2017,"Detroit Pistons",1.2,"54.3",14.1,"Center"
"18","Andre Iguodala","2018",0.7089451,"iguodan01",14814815,"2017-18",2018,2017,"Golden State Warriors",4.4,"46.6",12.1,"Small Forward and Shooting Guard"
"19","Andre Ingram","2018",-0.4649389,"ingraan01",13824,"2017-18",2018,2017,"Los Angeles Lakers",1.2,"34.8",4,"Shooting Guard"
"20","Andre Roberson","2018",0.6397376,"roberan03",9259259,"2017-18",2018,2017,"Oklahoma City Thunder",0.9,"48.2",4.6,"Shooting Guard and Small Forward"
"21","Andrew Bogut","2018",1.802759,"bogutan01",1105123,"2017-18",2018,2017,"Los Angeles Lakers",2.2,"53.5",9.6,"Power Forward and Center"
"22","Andrew Harrison","2018",0.4766314,"harrian01",1312611,"2017-18",2018,2017,"Memphis Grizzlies",2.8,"37.3",7,"Point Guard"
"23","Andrew Wiggins","2018",-0.3053623,"wiggian01",7574322,"2017-18",2018,2017,"Minnesota Timberwolves",2.2,"44.0",19.4,"Small Forward"
"24","Ante Zizic","2018",0.5383138,"zizican01",1645200,"2017-18",2018,2017,"Cleveland Cavaliers",0.6,"58.3",6.4,"Center"
"25","Anthony Davis","2018",3.207572,"davisan02",23775506,"2017-18",2018,2017,"New Orleans Pelicans",2.1,"51.7",23.7,"Power Forward and Center"
"26","Anthony Tolliver","2018",1.774496,"tollian01",2e+06,"2017-18",2018,2017,"Sacramento Kings",0.9,"41.8",6.4,"Power Forward and Small Forward"
"27","Anthony Tolliver","2018",1.774496,"tollian01",3290000,"2017-18",2018,2017,"Detroit Pistons",0.9,"41.8",6.4,"Power Forward and Small Forward"
"28","Aron Baynes","2018",2.715094,"baynear01",4328000,"2017-18",2018,2017,"Boston Celtics",0.7,"49.8",5.4,"Center"
"29","Arron Afflalo","2018",0.4262567,"afflaar01",1500000,"2017-18",2018,2017,"Sacramento Kings",1.8,"45.0",10.8,"Shooting Guard and Small Forward"
"30","Arron Afflalo","2018",0.4262567,"afflaar01",1471382,"2017-18",2018,2017,"Orlando Magic",1.8,"45.0",10.8,"Shooting Guard and Small Forward"
"31","Austin Rivers","2018",-0.4428546,"riverau01",11825000,"2017-18",2018,2017,"Los Angeles Clippers",2.4,"41.7",9.2,"Point Guard and Shooting Guard"
"32","Avery Bradley","2018",-0.9791553,"bradlav01",8808989,"2017-18",2018,2017,"Los Angeles Clippers",1.8,"43.6",12,"Point Guard and Shooting Guard"
"33","Bam Adebayo","2018",1.03855,"adebaba01",2490360,"2017-18",2018,2017,"Miami Heat",1.9,"55.0",8,"Center"
"34","Ben McLemore","2018",-2.162794,"mclembe01",5200000,"2017-18",2018,2017,"Memphis Grizzlies",1.1,"41.7",8.8,"Shooting Guard"
"35","Ben Simmons","2018",1.224182,"simmobe01",6168840,"2017-18",2018,2017,"Philadelphia 76ers",7.9,"55.4",16.4,"Point Guard"
"36","Bismack Biyombo","2018",0.7512486,"biyombi01",1.7e+07,"2017-18",2018,2017,"Orlando Magic",0.5,"51.7",4.9,"Center"
"37","Blake Griffin","2018",0.9182305,"griffbl01",29727900,"2017-18",2018,2017,"Detroit Pistons",4.5,"50.2",21.9,"Power Forward"
"38","Boban Marjanovic","2018",1.18208,"marjabo01",7e+06,"2017-18",2018,2017,"Los Angeles Clippers",0.6,"58.3",6.2,"Center"
"39","Bobby Brown","2018",-3.849244,"brownbo02",1230186,"2017-18",2018,2017,"Houston Rockets",1.5,"37.9",4.4,"Point Guard and Shooting Guard"
"40","Bobby Portis","2018",-1.289332,"portibo01",1516320,"2017-18",2018,2017,"Chicago Bulls",1.1,"45.8",10.2,"Power Forward"
"41","Bogdan Bogdanovic","2018",-1.100377,"bogdabo01",9470614,"2017-18",2018,2017,"Sacramento Kings",3.5,"43.1",12.9,"Shooting Guard"
"42","Bojan Bogdanovic","2018",-0.4630767,"bogdabo02",10500000,"2017-18",2018,2017,"Indiana Pacers",1.4,"46.3",13.3,"Small Forward"
"43","Bradley Beal","2018",-0.2539472,"bealbr01",23775506,"2017-18",2018,2017,"Washington Wizards",3.7,"45.2",19.8,"Shooting Guard"
"44","Brandan Wright","2018",0.5897183,"wrighbr03",5179760,"2017-18",2018,2017,"Memphis Grizzlies",0.5,"60.7",7,"Center and Power Forward"
"45","Brandan Wright","2018",0.5897183,"wrighbr03",490461,"2017-18",2018,2017,"Houston Rockets",0.5,"60.7",7,"Center and Power Forward"
"46","Brandon Ingram","2018",0.2755511,"ingrabr01",5519400,"2017-18",2018,2017,"Los Angeles Lakers",2.9,"45.8",13.9,"Small Forward"
"47","Brandon Jennings","2018",-3.180542,"jennibr01",297169,"2017-18",2018,2017,"Milwaukee Bucks",5.7,"38.7",14.1,"Point Guard"
"48","Brandon Paul","2018",-0.3282866,"paulbr01",815615,"2017-18",2018,2017,"San Antonio Spurs",0.6,"43.3",2.3,"Shooting Guard"
"49","Brice Johnson","2018",3.932705,"johnsbr02",1331160,"2017-18",2018,2017,"Memphis Grizzlies",0.1,"44.9",2.2,"Power Forward"
"50","Brook Lopez","2018",1.261595,"lopezbr01",22642350,"2017-18",2018,2017,"Los Angeles Lakers",1.5,"49.8",17.3,"Center"
"51","Bruno Caboclo","2018",4.007223,"cabocbr01",2451225,"2017-18",2018,2017,"Sacramento Kings",0.9,"39.2",4.9,"Small Forward"
"52","Bryn Forbes","2018",-0.0900144,"forbebr01",1312611,"2017-18",2018,2017,"San Antonio Spurs",1.4,"43.7",8.2,"Shooting Guard"
"53","Buddy Hield","2018",-0.6634462,"hieldbu01",3675480,"2017-18",2018,2017,"Sacramento Kings",2,"44.6",14.9,"Shooting Guard"
"54","Caleb Swanigan","2018",-0.7033982,"swanica01",1465920,"2017-18",2018,2017,"Portland Trail Blazers",0.5,"37.2",2.2,"Power Forward"
"55","Cameron Payne","2018",0.7915258,"payneca01",2203440,"2017-18",2018,2017,"Chicago Bulls",2.5,"39.7",6,"Point Guard"
"56","Caris LeVert","2018",-1.074727,"leverca01",1632480,"2017-18",2018,2017,"Brooklyn Nets",3.4,"43.7",11.1,"Small Forward"
"57","Carmelo Anthony","2018",-0.6558207,"anthoca01",26243760,"2017-18",2018,2017,"Oklahoma City Thunder",3,"44.9",24,"Small Forward and Power Forward"
"58","Cedi Osman","2018",0.8367217,"osmande01",2642857,"2017-18",2018,2017,"Cleveland Cavaliers",1.7,"43.7",9,"Small Forward"
"59","Chandler Parsons","2018",-1.82307,"parsoch01",23112004,"2017-18",2018,2017,"Memphis Grizzlies",2.8,"46.2",12.8,"Small Forward"
"60","Channing Frye","2018",-1.635754,"fryech01",7420912,"2017-18",2018,2017,"Los Angeles Lakers",1,"44.0",8.7,"Center and Power Forward"
"61","Cheick Diallo","2018",-1.415527,"diallch01",1312611,"2017-18",2018,2017,"New Orleans Pelicans",0.4,"58.5",5.5,"Power Forward"
"62","Chinanu Onuaku","2018",2.195219,"onuakch01",1312611,"2017-18",2018,2017,"Houston Rockets",0.7,"58.3",3,"Center"
"63","Chris McCullough","2018",2.208067,"mcculch01",1471382,"2017-18",2018,2017,"Washington Wizards",0.3,"42.6",3.3,"Power Forward"
"64","Chris Paul","2018",-0.3848919,"paulch01",24599495,"2017-18",2018,2017,"Houston Rockets",9.7,"46.9",18.5,"Point Guard"
"65","CJ McCollum","2018",0.4851325,"mccolcj01",23962573,"2017-18",2018,2017,"Portland Trail Blazers",2.9,"45.5",17.8,"Shooting Guard"
"66","Clint Capela","2018",1.706621,"capelca01",2334520,"2017-18",2018,2017,"Houston Rockets",0.9,"63.5",12,"Center"
"67","Cody Zeller","2018",1.137861,"zelleco01",12584270,"2017-18",2018,2017,"Charlotte Hornets",1.4,"51.1",8.2,"Center"
"68","Cole Aldrich","2018",-4.73607,"aldrico01",7300000,"2017-18",2018,2017,"Minnesota Timberwolves",0.5,"52.7",3.1,"Center"
"69","Corey Brewer","2018",-1.029878,"breweco01",340829,"2017-18",2018,2017,"Oklahoma City Thunder",1.5,"42.5",8.7,"Shooting Guard and Small Forward"
"70","Corey Brewer","2018",-1.029878,"breweco01",6879366,"2017-18",2018,2017,"Los Angeles Lakers",1.5,"42.5",8.7,"Shooting Guard and Small Forward"
"71","Cory Joseph","2018",-0.0645232,"josepco01",7630000,"2017-18",2018,2017,"Indiana Pacers",2.8,"44.4",6.9,"Point Guard and Shooting Guard"
"72","Courtney Lee","2018",-0.5687613,"leeco01",11747890,"2017-18",2018,2017,"New York Knicks",1.7,"45.0",9.7,"Shooting Guard"
"73","Cristiano Felicio","2018",-1.29207,"feliccr01",7843500,"2017-18",2018,2017,"Chicago Bulls",0.7,"56.8",4.6,"Center"
"74","D.J. Augustin","2018",-1.136894,"augusdj01",7250000,"2017-18",2018,2017,"Orlando Magic",4,"41.3",9.8,"Point Guard"
"75","D.J. Wilson","2018",-4.410955,"wilsodj01",2135040,"2017-18",2018,2017,"Milwaukee Bucks",0.8,"42.3",4.3,"Power Forward"
"76","D'Angelo Russell","2018",-1.861736,"russeda01",5562360,"2017-18",2018,2017,"Brooklyn Nets",5.1,"41.9",16.5,"Point Guard"
"77","Dakari Johnson","2018",2.385035,"johnsda04",815615,"2017-18",2018,2017,"Oklahoma City Thunder",0.3,"56.4",1.8,"Center"
"78","Damian Jones","2018",-1.881086,"jonesda03",1312611,"2017-18",2018,2017,"Golden State Warriors",0.6,"64.3",3.6,"Center"
"79","Damian Lillard","2018",0.7098828,"lillada01",26153057,"2017-18",2018,2017,"Portland Trail Blazers",6.3,"43.4",23.5,"Point Guard"
"80","Damien Wilkins","2018",1.452605,"wilkida02",1016617,"2017-18",2018,2017,"Indiana Pacers",1.4,"42.6",6.2,"Shooting Guard and Small Forward"
"81","Damion Lee","2018",0.9897022,"leeda03",138240,"2017-18",2018,2017,"Atlanta Hawks",0.9,"42.3",6.8,"Shooting Guard"
"82","Damyean Dotson","2018",0.752877,"dotsoda01",1100000,"2017-18",2018,2017,"New York Knicks",1.4,"42.1",8.2,"Shooting Guard"
"83","Daniel Theis","2018",1.349986,"theisda01",815615,"2017-18",2018,2017,"Boston Celtics",1,"54.5",5.5,"Center"
"84","Danilo Gallinari","2018",1.315486,"gallida01",20559599,"2017-18",2018,2017,"Los Angeles Clippers",2,"42.5",15.9,"Small Forward and Shooting Guard and Power Forward"
"85","Danny Green","2018",1.523926,"greenda02",1e+07,"2017-18",2018,2017,"San Antonio Spurs",1.6,"42.4",9,"Shooting Guard"
"86","Dante Cunningham","2018",-1.397524,"cunnida01",2300000,"2017-18",2018,2017,"Brooklyn Nets",0.7,"46.9",5.8,"Power Forward and Small Forward"
"87","Dante Exum","2018",4.815247,"exumda01",4992385,"2017-18",2018,2017,"Utah Jazz",2.3,"40.0",5.9,"Point Guard"
"88","Dario Saric","2018",-0.0973993,"saricda01",2422560,"2017-18",2018,2017,"Philadelphia 76ers",2.1,"43.3",12.7,"Power Forward"
"89","Darius Miller","2018",0.19576,"milleda01",2100000,"2017-18",2018,2017,"New Orleans Pelicans",1.4,"41.8",6,"Small Forward"
"90","Darrell Arthur","2018",-3.631139,"arthuda01",7464912,"2017-18",2018,2017,"Denver Nuggets",0.8,"44.4",6.5,"Small Forward and Power Forward"
"91","Darren Collison","2018",-0.1308513,"collida01",1e+07,"2017-18",2018,2017,"Indiana Pacers",5,"47.1",12.5,"Point Guard"
"92","David Nwaba","2018",-2.361603,"nwabada01",1312611,"2017-18",2018,2017,"Chicago Bulls",1.2,"49.0",7.2,"Shooting Guard"
"93","David Stockton","2018",-1.971419,"stockda01",192813,"2017-18",2018,2017,"Utah Jazz",1.5,"44.4",3,"Point Guard"
"94","David West","2018",3.34797,"westda01",1471382,"2017-18",2018,2017,"Golden State Warriors",2.2,"49.5",13.6,"Small Forward and Center and Power Forward"
"95","Davis Bertans","2018",2.170558,"bertada01",1312611,"2017-18",2018,2017,"San Antonio Spurs",1,"44.4",6.2,"Power Forward"
"96","Davon Reed","2018",-0.7809126,"reedda01",815615,"2017-18",2018,2017,"Phoenix Suns",0.5,"30.7",2.4,"Shooting Guard"
"97","De'Aaron Fox","2018",-0.4733806,"foxde01",4609200,"2017-18",2018,2017,"Sacramento Kings",5.9,"43.9",14.6,"Point Guard"
"98","DeAndre Jordan","2018",0.5483887,"jordade01",22642350,"2017-18",2018,2017,"Los Angeles Clippers",0.9,"67.0",9.6,"Center"
"99","DeAndre Liggins","2018",-2.919715,"liggide01",26773,"2017-18",2018,2017,"Atlanta Hawks",0.7,"40.2",2,"Shooting Guard and Small Forward"
"100","DeAndre Liggins","2018",-2.919715,"liggide01",757427,"2017-18",2018,2017,"Milwaukee Bucks",0.7,"40.2",2,"Shooting Guard and Small Forward"
"101","DeAndre Liggins","2018",-2.919715,"liggide01",754378,"2017-18",2018,2017,"New Orleans Pelicans",0.7,"40.2",2,"Shooting Guard and Small Forward"
"102","DeAndre' Bembry","2018",-1.866463,"bembrde01",1567200,"2017-18",2018,2017,"Atlanta Hawks",1.9,"44.5",6.3,"Shooting Guard and Small Forward"
"103","Dejounte Murray","2018",-0.3437103,"murrade01",1312611,"2017-18",2018,2017,"San Antonio Spurs",2.3,"44.1",6.6,"Point Guard"
"104","Delon Wright","2018",1.128701,"wrighde01",1645200,"2017-18",2018,2017,"Toronto Raptors",2.7,"44.5",7.4,"Point Guard"
"105","DeMar DeRozan","2018",-0.5948776,"derozde01",27739975,"2017-18",2018,2017,"Toronto Raptors",3.4,"45.1",19.9,"Shooting Guard"
"106","DeMarcus Cousins","2018",0.6246805,"couside01",18063850,"2017-18",2018,2017,"New Orleans Pelicans",3.2,"46.1",21.2,"Center"
"107","DeMarre Carroll","2018",0.0320733,"carrode01",14800000,"2017-18",2018,2017,"Brooklyn Nets",1.3,"43.0",9.1,"Small Forward and Power Forward"
"108","Dennis Schroder","2018",-1.560584,"schrode01",15500000,"2017-18",2018,2017,"Atlanta Hawks",4.6,"43.0",13.4,"Point Guard"
"109","Dennis Smith Jr.","2018",-0.842388,"smithde03",3218280,"2017-18",2018,2017,"Dallas Mavericks",5,"40.7",14.5,"Point Guard"
"110","Denzel Valentine","2018",-1.20557,"valende01",2186400,"2017-18",2018,2017,"Chicago Bulls",2.3,"39.9",8,"Shooting Guard"
"111","Derrick Favors","2018",1.678385,"favorde01",1.2e+07,"2017-18",2018,2017,"Utah Jazz",1.1,"52.5",11.6,"Center and Power Forward"
"112","Derrick Rose","2018",-1.259936,"rosede01",290951,"2017-18",2018,2017,"Minnesota Timberwolves",5.6,"45.3",18.8,"Point Guard"
"113","Derrick Rose","2018",-1.259936,"rosede01",1356709,"2017-18",2018,2017,"Cleveland Cavaliers",5.6,"45.3",18.8,"Point Guard"
"114","Derrick Rose","2018",-1.259936,"rosede01",749761,"2017-18",2018,2017,"Utah Jazz",5.6,"45.3",18.8,"Point Guard"
"115","Derrick White","2018",6.031082,"whitede01",1404600,"2017-18",2018,2017,"San Antonio Spurs",3.2,"47.9",8.5,"Point Guard"
"116","Derrick Williams","2018",3.019094,"willide02",83129,"2017-18",2018,2017,"Los Angeles Lakers",0.7,"43.4",8.9,"Power Forward and Small Forward"
"117","Devin Booker","2018",-0.686275,"bookede01",2319360,"2017-18",2018,2017,"Phoenix Suns",4.2,"43.7",21.4,"Shooting Guard"
"118","Devin Harris","2018",-0.634656,"harride01",4402546,"2017-18",2018,2017,"Denver Nuggets",3.9,"43.2",10.8,"Point Guard and Shooting Guard"
"119","Dewayne Dedmon","2018",0.5730131,"dedmode01",6e+06,"2017-18",2018,2017,"Atlanta Hawks",0.7,"53.3",6.5,"Center"
"120","Deyonta Davis","2018",-0.7312679,"davisde01",1312611,"2017-18",2018,2017,"Memphis Grizzlies",0.4,"59.9",4.2,"Center"
"121","Dillon Brooks","2018",-1.21721,"brookdi01",815615,"2017-18",2018,2017,"Memphis Grizzlies",1.5,"43.5",10.3,"Small Forward"
"122","Dion Waiters","2018",-0.7879786,"waitedi01",1.1e+07,"2017-18",2018,2017,"Miami Heat",2.8,"41.2",13.2,"Shooting Guard"
"123","Dirk Nowitzki","2018",-0.2353613,"nowitdi01",5e+06,"2017-18",2018,2017,"Dallas Mavericks",2.4,"47.1",20.7,"Power Forward and Center"
"124","Domantas Sabonis","2018",0.6226928,"sabondo01",2550000,"2017-18",2018,2017,"Indiana Pacers",1.9,"51.3",10.4,"Center and Power Forward"
"125","Donovan Mitchell","2018",1.105508,"mitchdo01",2621280,"2017-18",2018,2017,"Utah Jazz",3.9,"43.4",22.1,"Shooting Guard"
"126","Dorian Finney-Smith","2018",-0.740273,"finnedo01",1312611,"2017-18",2018,2017,"Dallas Mavericks",1,"40.5",5.9,"Small Forward and Power Forward"
"127","Doug McDermott","2018",0.675782,"mcderdo01",3294994,"2017-18",2018,2017,"Dallas Mavericks",0.8,"45.9",7.8,"Small Forward"
"128","Dragan Bender","2018",0.4343097,"bendedr01",4468800,"2017-18",2018,2017,"Phoenix Suns",1.2,"39.4",5.3,"Power Forward"
"129","Draymond Green","2018",2.249488,"greendr01",16400000,"2017-18",2018,2017,"Golden State Warriors",4.9,"43.9",9.1,"Small Forward and Power Forward"
"130","Dwayne Bacon","2018",0.5235469,"bacondw01",815615,"2017-18",2018,2017,"Charlotte Hornets",0.9,"43.2",5.1,"Shooting Guard"
"131","Dwight Buycks","2018",0.3378911,"buyckdw01",748160,"2017-18",2018,2017,"Detroit Pistons",1.7,"40.2",6.3,"Point Guard"
"132","Dwight Howard","2018",-0.1855192,"howardw01",23500000,"2017-18",2018,2017,"Charlotte Hornets",1.5,"58.3",17.4,"Power Forward and Center"
"133","Dwight Powell","2018",0.8911924,"poweldw01",9003125,"2017-18",2018,2017,"Dallas Mavericks",0.9,"55.3",7.5,"Power Forward and Center"
"134","Dwyane Wade","2018",1.354825,"wadedw01",15550000,"2017-18",2018,2017,"Chicago Bulls",5.4,"48.0",22,"Point Guard and Shooting Guard"
"135","Dwyane Wade","2018",1.354825,"wadedw01",1471382,"2017-18",2018,2017,"Miami Heat",5.4,"48.0",22,"Point Guard and Shooting Guard"
"136","E'Twaun Moore","2018",-0.8450288,"mooreet01",8445024,"2017-18",2018,2017,"New Orleans Pelicans",1.8,"45.8",8,"Point Guard and Shooting Guard"
"137","Ed Davis","2018",0.4917071,"davised01",6352531,"2017-18",2018,2017,"Portland Trail Blazers",0.8,"56.9",6.5,"Center and Power Forward"
"138","Ekpe Udoh","2018",2.166296,"udohek01",3200000,"2017-18",2018,2017,"Utah Jazz",0.7,"45.3",3.5,"Power Forward and Center"
"139","Elfrid Payton","2018",-1.121584,"paytoel01",3332340,"2017-18",2018,2017,"Phoenix Suns",6.6,"45.4",11.1,"Point Guard"
"140","Emeka Okafor","2018",1.689047,"okafoem01",774914,"2017-18",2018,2017,"New Orleans Pelicans",0.8,"51.2",12,"Power Forward and Center"
"141","Emmanuel Mudiay","2018",-1.878268,"mudiaem01",3381480,"2017-18",2018,2017,"New York Knicks",4.2,"39.3",11.8,"Point Guard"
"142","Enes Kanter","2018",-0.8234624,"kanteen01",20566802,"2017-18",2018,2017,"New York Knicks",0.8,"54.1",11.9,"Center"
"143","Eric Bledsoe","2018",0.0168045,"bledser01",14500000,"2017-18",2018,2017,"Milwaukee Bucks",4.8,"45.5",14.1,"Point Guard"
"144","Eric Gordon","2018",0.4217282,"gordoer01",12943020,"2017-18",2018,2017,"Houston Rockets",2.9,"42.8",16.7,"Shooting Guard and Point Guard"
"145","Eric Moreland","2018",1.258604,"moreler01",1739333,"2017-18",2018,2017,"Detroit Pistons",1,"53.7",1.9,"Power Forward"
"146","Ersan Ilyasova","2018",0.84003,"ilyaser01",357454,"2017-18",2018,2017,"Philadelphia 76ers",1.1,"44.3",10.6,"Power Forward"
"147","Ersan Ilyasova","2018",0.84003,"ilyaser01",5434282,"2017-18",2018,2017,"Atlanta Hawks",1.1,"44.3",10.6,"Power Forward"
"148","Evan Fournier","2018",-1.311648,"fournev01",1.7e+07,"2017-18",2018,2017,"Orlando Magic",2.5,"44.6",13.5,"Small Forward and Shooting Guard"
"149","Evan Turner","2018",0.9081523,"turneev01",17131148,"2017-18",2018,2017,"Portland Trail Blazers",3.5,"43.5",9.9,"Small Forward and Shooting Guard and Point Guard"
"150","Frank Kaminsky","2018",-1.417517,"kaminfr01",2847600,"2017-18",2018,2017,"Charlotte Hornets",1.6,"41.9",9.8,"Center and Power Forward"
"151","Frank Ntilikina","2018",1.805818,"ntilila01",3501120,"2017-18",2018,2017,"New York Knicks",3.1,"35.4",5.9,"Point Guard"
"152","Fred VanVleet","2018",0.4149565,"vanvlfr01",1312611,"2017-18",2018,2017,"Toronto Raptors",3.3,"41.2",8.3,"Point Guard"
"153","Furkan Korkmaz","2018",-8.236812,"korkmfu01",1465920,"2017-18",2018,2017,"Philadelphia 76ers",0.9,"38.8",4.9,"Shooting Guard"
"154","Garrett Temple","2018",-0.1669664,"templga01",8e+06,"2017-18",2018,2017,"Sacramento Kings",1.6,"40.8",5.9,"Point Guard and Small Forward and Shooting Guard"
"155","Gary Harris","2018",-0.4399064,"harriga01",2550055,"2017-18",2018,2017,"Denver Nuggets",2.1,"46.0",12.4,"Shooting Guard"
"156","George Hill","2018",-0.4481376,"hillge01",2e+07,"2017-18",2018,2017,"Cleveland Cavaliers",3.2,"45.3",11.2,"Point Guard"
"157","Georgios Papagiannis","2018",-5.565267,"papagge01",2301360,"2017-18",2018,2017,"Sacramento Kings",0.7,"51.4",4.1,"Center"
"158","Georgios Papagiannis","2018",-5.565267,"papagge01",259556,"2017-18",2018,2017,"Portland Trail Blazers",0.7,"51.4",4.1,"Center"
"159","Gerald Green","2018",-0.2401637,"greenge01",872854,"2017-18",2018,2017,"Houston Rockets",0.9,"41.7",9.7,"Shooting Guard and Small Forward"
"160","Giannis Antetokounmpo","2018",1.455025,"antetgi01",22471910,"2017-18",2018,2017,"Milwaukee Bucks",4.1,"52.1",18.8,"Point Guard and Power Forward and Small Forward and Shooting Guard"
"161","Glenn Robinson III","2018",-0.5962274,"robingl02",1524305,"2017-18",2018,2017,"Indiana Pacers",0.6,"43.9",4.4,"Shooting Guard and Small Forward"
"162","Goran Dragic","2018",1.066044,"dragigo01",17000450,"2017-18",2018,2017,"Miami Heat",4.8,"46.6",13.7,"Point Guard and Shooting Guard"
"163","Gordon Hayward","2018",-11.75368,"haywago01",29727900,"2017-18",2018,2017,"Boston Celtics",3.4,"44.6",15.1,"Power Forward and Small Forward"
"164","Gorgui Dieng","2018",-0.9577656,"dienggo01",14112360,"2017-18",2018,2017,"Minnesota Timberwolves",1.4,"50.5",8,"Center and Power Forward"
"165","Greg Monroe","2018",-1.003453,"monrogr01",16384175,"2017-18",2018,2017,"Phoenix Suns",2.1,"51.4",13.2,"Power Forward and Center"
"166","Greg Monroe","2018",-1.003453,"monrogr01",5e+06,"2017-18",2018,2017,"Boston Celtics",2.1,"51.4",13.2,"Power Forward and Center"
"167","Guerschon Yabusele","2018",-3.60828,"yabusgu01",2247480,"2017-18",2018,2017,"Boston Celtics",0.4,"44.2",2.3,"Power Forward"
"168","Harrison Barnes","2018",0.0704298,"barneha02",23112004,"2017-18",2018,2017,"Dallas Mavericks",1.5,"44.6",13.6,"Power Forward and Small Forward"
"169","Hassan Whiteside","2018",1.220021,"whiteha01",23775506,"2017-18",2018,2017,"Miami Heat",0.6,"57.4",13.4,"Center"
"170","Henry Ellenson","2018",-1.887109,"ellenhe01",1780800,"2017-18",2018,2017,"Detroit Pistons",0.6,"37.7",4.3,"Power Forward"
"171","Ian Clark","2018",1.618428,"clarkia01",1471382,"2017-18",2018,2017,"New Orleans Pelicans",1.2,"43.9",5.6,"Shooting Guard"
"172","Ian Mahinmi","2018",1.520338,"mahinia01",16661641,"2017-18",2018,2017,"Washington Wizards",0.5,"53.7",5,"Center"
"173","Ike Anigbogu","2018",-5.899507,"anigbik01",950000,"2017-18",2018,2017,"Indiana Pacers",0.1,"33.3",0.9,"Center"
"174","Iman Shumpert","2018",-2.751817,"shumpim01",10337079,"2017-18",2018,2017,"Sacramento Kings",1.9,"39.3",7.3,"Shooting Guard and Point Guard"
"175","Isaiah Canaan","2018",0.7217466,"canaais01",2e+05,"2017-18",2018,2017,"Chicago Bulls",1.9,"37.1",8.1,"Shooting Guard and Point Guard"
"176","Isaiah Canaan","2018",0.7217466,"canaais01",53465,"2017-18",2018,2017,"Houston Rockets",1.9,"37.1",8.1,"Shooting Guard and Point Guard"
"177","Isaiah Canaan","2018",0.7217466,"canaais01",997547,"2017-18",2018,2017,"Phoenix Suns",1.9,"37.1",8.1,"Shooting Guard and Point Guard"
"178","Isaiah Taylor","2018",0.2623522,"taylois01",1312611,"2017-18",2018,2017,"Atlanta Hawks",2.9,"41.3",6.3,"Point Guard"
"179","Isaiah Thomas","2018",1.064594,"thomais02",6261395,"2017-18",2018,2017,"Los Angeles Lakers",5.1,"43.7",18.6,"Point Guard and Shooting Guard"
"180","Isaiah Whitehead","2018",3.728576,"whiteis01",1312611,"2017-18",2018,2017,"Brooklyn Nets",2.4,"41.1",7.2,"Point Guard"
"181","Ish Smith","2018",1.212259,"smithis01",6e+06,"2017-18",2018,2017,"Detroit Pistons",3.8,"42.7",7.4,"Point Guard"
"182","Ivan Rabb","2018",-1.493716,"rabbiv01",950000,"2017-18",2018,2017,"Memphis Grizzlies",1,"55.5",5.7,"Power Forward"
"183","Ivica Zubac","2018",1.783685,"zubaciv01",1312611,"2017-18",2018,2017,"Los Angeles Lakers",0.8,"54.0",6.9,"Center"
"184","J.J. Barea","2018",-2.495627,"bareajo01",3903900,"2017-18",2018,2017,"Dallas Mavericks",3.9,"42.4",9,"Point Guard and Shooting Guard"
"185","Jabari Parker","2018",0.3958077,"parkeja01",6782392,"2017-18",2018,2017,"Milwaukee Bucks",2.1,"49.1",15.1,"Power Forward"
"186","Jae Crowder","2018",-0.8401006,"crowdja01",6796117,"2017-18",2018,2017,"Utah Jazz",1.4,"42.3",9.5,"Small Forward"
"187","Jahlil Okafor","2018",0.2133853,"okafoja01",4995120,"2017-18",2018,2017,"Brooklyn Nets",0.9,"53.0",11.5,"Center"
"188","Jake Layman","2018",-1.843167,"laymaja01",1312611,"2017-18",2018,2017,"Portland Trail Blazers",0.5,"45.7",4.6,"Small Forward"
"189","Jakob Poeltl","2018",2.762853,"poeltja01",2825640,"2017-18",2018,2017,"Toronto Raptors",0.8,"64.3",5.4,"Center"
"190","Jamal Crawford","2018",-2.363417,"crawfja01",10942762,"2017-18",2018,2017,"Atlanta Hawks",3.4,"41.0",14.6,"Shooting Guard and Point Guard"
"191","Jamal Crawford","2018",-2.363417,"crawfja01",4328000,"2017-18",2018,2017,"Minnesota Timberwolves",3.4,"41.0",14.6,"Shooting Guard and Point Guard"
"192","Jamal Murray","2018",-2.211512,"murraja01",3355320,"2017-18",2018,2017,"Denver Nuggets",3.4,"43.4",14.8,"Shooting Guard and Point Guard"
"193","Jameel Warney","2018",-6.74779,"warneja01",46080,"2017-18",2018,2017,"Dallas Mavericks",0,"58.3",5.7,"Power Forward"
"194","Jameer Nelson","2018",-0.1793349,"nelsoja01",1429818,"2017-18",2018,2017,"Detroit Pistons",5.1,"43.6",11.3,"Point Guard"
"195","Jameer Nelson","2018",-0.1793349,"nelsoja01",4736050,"2017-18",2018,2017,"Denver Nuggets",5.1,"43.6",11.3,"Point Guard"
"196","James Harden","2018",0.3474295,"hardeja01",28299399,"2017-18",2018,2017,"Houston Rockets",6.2,"44.3",24.3,"Shooting Guard and Point Guard"
"197","James Johnson","2018",0.1025739,"johnsja01",13954000,"2017-18",2018,2017,"Miami Heat",2.1,"47.7",7.9,"Power Forward and Small Forward"
"198","JaMychal Green","2018",0.3677275,"greenja01",8533333,"2017-18",2018,2017,"Memphis Grizzlies",0.9,"47.9",8.4,"Power Forward"
"199","Jared Dudley","2018",-3.534771,"dudleja01",1e+07,"2017-18",2018,2017,"Phoenix Suns",1.6,"46.5",7.7,"Small Forward and Power Forward and Shooting Guard"
"200","Jarell Eddie","2018",-11.20138,"eddieja01",100353,"2017-18",2018,2017,"Chicago Bulls",0.1,"30.2",2.6,"Small Forward"
"201","Jarell Eddie","2018",-11.20138,"eddieja01",83129,"2017-18",2018,2017,"Boston Celtics",0.1,"30.2",2.6,"Small Forward"
"202","Jarell Martin","2018",0.8589783,"martija01",1471382,"2017-18",2018,2017,"Memphis Grizzlies",0.6,"43.4",5.4,"Power Forward"
"203","Jarrett Allen","2018",1.620776,"allenja01",1713720,"2017-18",2018,2017,"Brooklyn Nets",1,"59.0",9.6,"Center"
"204","Jarrett Jack","2018",-1.219944,"jackja01",1471382,"2017-18",2018,2017,"New York Knicks",4.6,"44.0",10.8,"Shooting Guard and Point Guard"
"205","Jason Smith","2018",0.9317689,"smithja02",5225000,"2017-18",2018,2017,"Washington Wizards",0.7,"46.8",6.1,"Center and Power Forward"
"206","Jason Terry","2018",-0.9564536,"terryja01",1471382,"2017-18",2018,2017,"Milwaukee Bucks",3.8,"44.4",13.4,"Point Guard and Shooting Guard"
"207","JaVale McGee","2018",1.696719,"mcgeeja01",1471382,"2017-18",2018,2017,"Golden State Warriors",0.4,"57.0",8,"Center"
"208","Jawun Evans","2018",-1.031715,"evansja01",815615,"2017-18",2018,2017,"Los Angeles Clippers",2,"34.5",4.2,"Point Guard"
"209","Jaylen Brown","2018",1.590346,"brownja02",4956480,"2017-18",2018,2017,"Boston Celtics",1.3,"46.2",11.2,"Small Forward and Shooting Guard"
"210","Jaylen Morris","2018",-0.7619706,"morrija01",193536,"2017-18",2018,2017,"Atlanta Hawks",1.1,"40.5",3.8,"Shooting Guard"
"211","Jayson Tatum","2018",-0.1327687,"tatumja01",5645400,"2017-18",2018,2017,"Boston Celtics",1.9,"46.1",14.8,"Small Forward"
"212","Jeff Green","2018",0.4707374,"greenje02",2116955,"2017-18",2018,2017,"Cleveland Cavaliers",1.6,"44.1",13.2,"Small Forward and Power Forward"
"213","Jeff Teague","2018",-1.397257,"teaguje01",1.9e+07,"2017-18",2018,2017,"Minnesota Timberwolves",5.8,"44.5",12.7,"Point Guard"
"214","Jeff Withey","2018",2.136376,"witheje01",1577320,"2017-18",2018,2017,"Dallas Mavericks",0.3,"52.5",3.2,"Center"
"215","Jerami Grant","2018",1.071673,"grantje01",1524305,"2017-18",2018,2017,"Oklahoma City Thunder",1,"46.1",8.8,"Small Forward and Power Forward"
"216","Jeremy Evans","2018",15.89637,"evansje01",133129,"2017-18",2018,2017,"Atlanta Hawks",0.4,"56.9",3.5,"Power Forward and Small Forward"
"217","Jeremy Lamb","2018",0.2748568,"lambje01",7e+06,"2017-18",2018,2017,"Charlotte Hornets",1.5,"44.3",10.2,"Small Forward and Shooting Guard"
"218","Jeremy Lin","2018",-8.721315,"linje01",1.2e+07,"2017-18",2018,2017,"Brooklyn Nets",4.3,"43.3",11.6,"Shooting Guard and Point Guard"
"219","Jerian Grant","2018",0.188802,"grantje02",1713840,"2017-18",2018,2017,"Chicago Bulls",2.9,"41.2",6.1,"Point Guard"
"220","Jerryd Bayless","2018",0.2903441,"bayleje01",9e+06,"2017-18",2018,2017,"Philadelphia 76ers",2.9,"41.1",8.4,"Point Guard and Shooting Guard"
"221","Jimmy Butler","2018",0.8010484,"butleji01",19301070,"2017-18",2018,2017,"Minnesota Timberwolves",3.5,"45.4",16.7,"Shooting Guard and Small Forward"
"222","Joakim Noah","2018",6.307275,"noahjo01",17765000,"2017-18",2018,2017,"New York Knicks",2.8,"49.1",8.8,"Center"
"223","Jodie Meeks","2018",-1.335374,"meeksjo01",3290000,"2017-18",2018,2017,"Washington Wizards",1.1,"42.0",9.3,"Shooting Guard"
"224","Joe Harris","2018",0.6878371,"harrijo01",1524305,"2017-18",2018,2017,"Brooklyn Nets",1.5,"47.5",9.4,"Shooting Guard"
"225","Joe Ingles","2018",-0.1427694,"inglejo01",14136364,"2017-18",2018,2017,"Utah Jazz",3.4,"44.7",8,"Power Forward and Small Forward"
"226","Joe Johnson","2018",0.6822386,"johnsjo02",473835,"2017-18",2018,2017,"Houston Rockets",3.9,"44.1",16,"Shooting Guard and Small Forward"
"227","Joe Johnson","2018",0.6822386,"johnsjo02",9505000,"2017-18",2018,2017,"Sacramento Kings",3.9,"44.1",16,"Shooting Guard and Small Forward"
"228","Joe Young","2018",0.0485497,"youngjo01",1471382,"2017-18",2018,2017,"Indiana Pacers",0.9,"39.3",3.4,"Point Guard"
"229","Joel Embiid","2018",3.392133,"embiijo01",6100266,"2017-18",2018,2017,"Philadelphia 76ers",3.2,"48.1",24.3,"Center"
"230","Joffrey Lauvergne","2018",-2.443227,"lauvejo01",1524305,"2017-18",2018,2017,"San Antonio Spurs",0.9,"47.9",5.6,"Center and Power Forward"
"231","John Collins","2018",1.353842,"collijo01",1936920,"2017-18",2018,2017,"Atlanta Hawks",1.6,"56.6",14.6,"Power Forward"
"232","John Henson","2018",0.6651,"hensojo01",11422536,"2017-18",2018,2017,"Milwaukee Bucks",1.1,"53.9",7.8,"Center and Power Forward"
"233","John Wall","2018",1.944504,"walljo01",18063850,"2017-18",2018,2017,"Washington Wizards",9.2,"43.3",19,"Point Guard"
"234","Jon Leuer","2018",-3.944652,"leuerjo01",10497319,"2017-18",2018,2017,"Detroit Pistons",0.8,"48.4",6.4,"Center and Power Forward"
"235","Jonas Jerebko","2018",-1.111749,"jerebjo01",4e+06,"2017-18",2018,2017,"Utah Jazz",0.8,"45.7",6.2,"Power Forward"
"236","Jonas Valanciunas","2018",1.630162,"valanjo01",15460675,"2017-18",2018,2017,"Toronto Raptors",0.8,"55.8",12.1,"Center"
"237","Jonathan Gibson","2018",-1.824166,"gibsojo01",44495,"2017-18",2018,2017,"Boston Celtics",1.4,"41.5",6.7,"Point Guard"
"238","Jonathan Isaac","2018",0.4260628,"isaacjo01",4186320,"2017-18",2018,2017,"Orlando Magic",1,"41.9",8.5,"Power Forward"
"239","Jonathon Simmons","2018",-0.9551177,"simmojo02",6300000,"2017-18",2018,2017,"Orlando Magic",1.9,"44.3",8.3,"Shooting Guard and Small Forward"
"240","Jordan Bell","2018",1.420577,"belljo01",815615,"2017-18",2018,2017,"Golden State Warriors",1.4,"57.0",3.9,"Center"
"241","Jordan Clarkson","2018",-0.8816471,"clarkjo01",11562500,"2017-18",2018,2017,"Cleveland Cavaliers",2.7,"44.5",14.7,"Shooting Guard and Point Guard"
"242","Jordan Crawford","2018",-6.836968,"crawfjo02",308190,"2017-18",2018,2017,"New Orleans Pelicans",3.1,"41.1",12.2,"Shooting Guard and Point Guard"
"243","Jordan Mickey","2018",0.0394533,"mickejo01",1471382,"2017-18",2018,2017,"Miami Heat",0.3,"44.9",2.4,"Power Forward"
"244","Jose Calderon","2018",-0.4370299,"caldejo01",1471382,"2017-18",2018,2017,"Cleveland Cavaliers",5.8,"47.2",8.9,"Shooting Guard and Point Guard"
"245","Josh Gray","2018",-5.6091,"grayjo01",101376,"2017-18",2018,2017,"Phoenix Suns",2.4,"26.8",6.4,"Point Guard"
"246","Josh Hart","2018",0.9466088,"hartjo01",1394520,"2017-18",2018,2017,"Los Angeles Lakers",1.3,"43.5",7.9,"Shooting Guard"
"247","Josh Huestis","2018",2.378113,"huestjo01",1471382,"2017-18",2018,2017,"Oklahoma City Thunder",0.3,"34.6",2.5,"Power Forward"
"248","Josh Jackson","2018",-1.028236,"jacksjo02",5090040,"2017-18",2018,2017,"Phoenix Suns",1.9,"41.5",12.3,"Small Forward and Shooting Guard"
"249","Josh McRoberts","2018",-16.72105,"mcrobjo01",6021175,"2017-18",2018,2017,"Dallas Mavericks",2.1,"46.3",5.4,"Center and Power Forward"
"250","Josh Richardson","2018",1.905597,"richajo01",1471382,"2017-18",2018,2017,"Miami Heat",2.9,"42.5",12.1,"Shooting Guard and Small Forward"
"251","Josh Smith","2018",0.3151102,"smithjo03",210500,"2017-18",2018,2017,"New Orleans Pelicans",3.1,"45.2",14.5,"Small Forward and Power Forward"
"252","Josh Smith","2018",0.3151102,"smithjo03",5331729,"2017-18",2018,2017,"Detroit Pistons",3.1,"45.2",14.5,"Small Forward and Power Forward"
"253","Jrue Holiday","2018",1.585426,"holidjr01",25686667,"2017-18",2018,2017,"New Orleans Pelicans",6.4,"45.2",15.6,"Point Guard and Shooting Guard"
"254","Julius Randle","2018",0.1886959,"randlju01",4149242,"2017-18",2018,2017,"Los Angeles Lakers",2.7,"50.2",15.4,"Power Forward and Center"
"255","Julyan Stone","2018",3.165525,"stoneju01",1524305,"2017-18",2018,2017,"Charlotte Hornets",1.1,"44.4",1.1,"Point Guard and Shooting Guard"
"256","Justin Anderson","2018",1.034771,"anderju01",1579440,"2017-18",2018,2017,"Philadelphia 76ers",0.7,"41.9",5.3,"Small Forward"
"257","Justin Holiday","2018",0.6741848,"holidju01",4615385,"2017-18",2018,2017,"Chicago Bulls",1.5,"39.0",8.1,"Shooting Guard"
"258","Justin Jackson","2018",-0.7427453,"jacksju01",2365560,"2017-18",2018,2017,"Sacramento Kings",1.1,"44.5",7,"Small Forward"
"259","Justin Patton","2018",-2.493646,"pattoju01",2247480,"2017-18",2018,2017,"Minnesota Timberwolves",0.8,"33.3",1.8,"Center"
"260","Justise Winslow","2018",1.705314,"winslju01",2705040,"2017-18",2018,2017,"Miami Heat",2.7,"41.9",8.9,"Power Forward and Small Forward"
"261","Jusuf Nurkic","2018",0.3669162,"nurkiju01",2947305,"2017-18",2018,2017,"Portland Trail Blazers",1.9,"49.1",11.6,"Center"
"262","Karl-Anthony Towns","2018",-0.0200618,"townska01",6216840,"2017-18",2018,2017,"Minnesota Timberwolves",2.6,"53.7",22.3,"Center"
"263","Kawhi Leonard","2018",2.5306,"leonaka01",18868625,"2017-18",2018,2017,"San Antonio Spurs",2.4,"49.5",17.7,"Small Forward"
"264","Kelly Olynyk","2018",-0.2278402,"olynyke01",10607169,"2017-18",2018,2017,"Miami Heat",1.9,"47.8",9.9,"Center and Power Forward"
"265","Kelly Oubre Jr.","2018",-1.718196,"oubreke01",2093040,"2017-18",2018,2017,"Washington Wizards",0.8,"42.4",9.4,"Small Forward"
"266","Kemba Walker","2018",1.331579,"walkeke02",1.2e+07,"2017-18",2018,2017,"Charlotte Hornets",5.5,"41.8",19.8,"Point Guard"
"267","Kendrick Perkins","2018",-3.911196,"perkike01",13156,"2017-18",2018,2017,"Cleveland Cavaliers",1,"53.0",5.4,"Center"
"268","Kenneth Faried","2018",-1.880325,"farieke01",12921348,"2017-18",2018,2017,"Denver Nuggets",1,"54.6",11.4,"Center and Power Forward"
"269","Kent Bazemore","2018",-1.236868,"bazemke01",16910113,"2017-18",2018,2017,"Atlanta Hawks",1.9,"41.9",8.7,"Small Forward and Shooting Guard"
"270","Kentavious Caldwell-Pope","2018",-1.517907,"caldwke01",17745894,"2017-18",2018,2017,"Los Angeles Lakers",1.6,"41.2",11.9,"Shooting Guard"
"271","Kevin Durant","2018",1.12622,"duranke01",2.5e+07,"2017-18",2018,2017,"Golden State Warriors",4.1,"49.3",27,"Power Forward and Small Forward and Shooting Guard"
"272","Kevin Love","2018",-1.060585,"loveke01",22642350,"2017-18",2018,2017,"Cleveland Cavaliers",2.3,"44.2",18.3,"Center and Power Forward"
"273","Kevon Looney","2018",3.592211,"looneke01",1471382,"2017-18",2018,2017,"Golden State Warriors",1,"59.5",4.5,"Center and Power Forward"
"274","Khem Birch","2018",0.9504299,"birchkh01",815615,"2017-18",2018,2017,"Orlando Magic",0.8,"57.4",4.5,"Center"
"275","Khris Middleton","2018",-0.7578376,"middlkh01",14100000,"2017-18",2018,2017,"Milwaukee Bucks",3.2,"45.1",15.7,"Shooting Guard and Small Forward"
"276","Klay Thompson","2018",0.4861483,"thompkl01",17826150,"2017-18",2018,2017,"Golden State Warriors",2.3,"45.9",19.5,"Shooting Guard"
"277","Kosta Koufos","2018",0.6138446,"koufoko01",8393000,"2017-18",2018,2017,"Sacramento Kings",0.5,"53.4",5.7,"Center"
"278","Kris Dunn","2018",-0.4368064,"dunnkr01",4046760,"2017-18",2018,2017,"Chicago Bulls",4.4,"41.7",8.6,"Point Guard"
"279","Kristaps Porzingis","2018",2.35305,"porzikr01",4503600,"2017-18",2018,2017,"New York Knicks",1.3,"43.7",17.8,"Power Forward"
"280","Kyle Anderson","2018",-0.5509226,"anderky01",2151704,"2017-18",2018,2017,"San Antonio Spurs",1.9,"49.2",5.3,"Small Forward"
"281","Kyle Korver","2018",0.5102124,"korveky01",7e+06,"2017-18",2018,2017,"Cleveland Cavaliers",1.7,"44.3",9.9,"Small Forward and Shooting Guard and Power Forward"
"282","Kyle Kuzma","2018",0.1220691,"kuzmaky01",1423560,"2017-18",2018,2017,"Los Angeles Lakers",2.2,"45.3",17.3,"Power Forward"
"283","Kyle Lowry","2018",0.7621993,"lowryky01",28703704,"2017-18",2018,2017,"Toronto Raptors",6.1,"42.4",14.4,"Point Guard"
"284","Kyle O'Quinn","2018",1.514011,"oquinky01",4087500,"2017-18",2018,2017,"New York Knicks",1.3,"51.8",5.6,"Center and Power Forward"
"285","Kyle Singler","2018",1.586451,"singlky01",4666500,"2017-18",2018,2017,"Oklahoma City Thunder",0.8,"41.8",6.5,"Small Forward"
"286","Kyrie Irving","2018",-1.106325,"irvinky01",18868625,"2017-18",2018,2017,"Boston Celtics",5.7,"46.5",22.2,"Point Guard"
"287","LaMarcus Aldridge","2018",1.440049,"aldrila01",21461010,"2017-18",2018,2017,"San Antonio Spurs",2,"49.1",19.6,"Power Forward and Center"
"288","Lance Stephenson","2018",-1.57359,"stephla01",4180000,"2017-18",2018,2017,"Indiana Pacers",2.9,"44.4",8.6,"Small Forward and Shooting Guard"
"289","Lance Thomas","2018",0.751981,"thomala01",6655325,"2017-18",2018,2017,"New York Knicks",0.7,"41.7",5.2,"Power Forward and Small Forward"
"290","Langston Galloway","2018",-1.126087,"gallola01",6666667,"2017-18",2018,2017,"Detroit Pistons",1.7,"38.7",8.2,"Shooting Guard and Point Guard"
"291","Larry Drew II","2018",0.4926705,"drewla02",148318,"2017-18",2018,2017,"New Orleans Pelicans",2.5,"32.9",2.9,"Point Guard"
"292","Larry Drew II","2018",0.4926705,"drewla02",74159,"2017-18",2018,2017,"Philadelphia 76ers",2.5,"32.9",2.9,"Point Guard"
"293","Larry Nance Jr.","2018",-0.2686556,"nancela02",1471382,"2017-18",2018,2017,"Cleveland Cavaliers",1.7,"53.9",7.7,"Center and Power Forward"
"294","Lauri Markkanen","2018",-0.6910609,"markkla01",3821640,"2017-18",2018,2017,"Chicago Bulls",1.3,"43.2",16.7,"Power Forward"
"295","LeBron James","2018",0.0629269,"jamesle01",33285709,"2017-18",2018,2017,"Cleveland Cavaliers",7.2,"50.4",27.2,"Shooting Guard and Small Forward and Power Forward"
"296","Lonzo Ball","2018",1.393338,"balllo01",6286560,"2017-18",2018,2017,"Los Angeles Lakers",6.4,"38.0",10,"Point Guard"
"297","Lou Williams","2018",-0.5816922,"willilo02",7e+06,"2017-18",2018,2017,"Los Angeles Clippers",3.3,"42.1",14.2,"Shooting Guard and Point Guard"
"298","Luc Mbah a Moute","2018",0.2740562,"mbahalu01",1471382,"2017-18",2018,2017,"Houston Rockets",0.9,"45.4",6.4,"Small Forward and Power Forward"
"299","Lucas Nogueira","2018",1.266305,"noguelu01",2947305,"2017-18",2018,2017,"Toronto Raptors",0.5,"63.2",3.2,"Center"
"300","Luke Babbitt","2018",-1.501436,"babbilu01",1974159,"2017-18",2018,2017,"Miami Heat",0.6,"40.8",4.8,"Small Forward and Power Forward"
"301","Luke Kennard","2018",-1.155739,"kennalu01",2759280,"2017-18",2018,2017,"Detroit Pistons",1.8,"44.1",8.6,"Shooting Guard"
"302","Luol Deng","2018",6.049096,"denglu01",17190000,"2017-18",2018,2017,"Los Angeles Lakers",2.3,"45.6",14.8,"Power Forward and Small Forward"
"303","Malachi Richardson","2018",-2.779273,"richama01",1504560,"2017-18",2018,2017,"Toronto Raptors",0.3,"35.8",2.8,"Shooting Guard"
"304","Malcolm Brogdon","2018",-0.5358074,"brogdma01",1312611,"2017-18",2018,2017,"Milwaukee Bucks",3.6,"48.4",12.8,"Shooting Guard and Point Guard"
"305","Malcolm Delaney","2018",-0.0739758,"delanma01",2500000,"2017-18",2018,2017,"Atlanta Hawks",2.8,"37.7",5.7,"Point Guard"
"306","Malik Beasley","2018",-1.039444,"beaslma01",1700640,"2017-18",2018,2017,"Denver Nuggets",0.8,"46.1",7.2,"Shooting Guard"
"307","Malik Monk","2018",-3.331438,"monkma01",2904480,"2017-18",2018,2017,"Charlotte Hornets",1.5,"37.6",7.9,"Shooting Guard"
"308","Manu Ginobili","2018",1.156407,"ginobma01",2500000,"2017-18",2018,2017,"San Antonio Spurs",3.8,"44.7",13.3,"Shooting Guard"
"309","Marc Gasol","2018",0.7389863,"gasolma01",22642350,"2017-18",2018,2017,"Memphis Grizzlies",3.4,"48.3",15,"Center"
"310","Marcin Gortat","2018",0.8181264,"gortama01",12782609,"2017-18",2018,2017,"Washington Wizards",1.1,"55.1",9.9,"Power Forward and Center"
"311","Marco Belinelli","2018",-1.2144,"belinma01",6306060,"2017-18",2018,2017,"Atlanta Hawks",1.7,"42.5",10,"Shooting Guard and Small Forward"
"312","Marco Belinelli","2018",-1.2144,"belinma01",776217,"2017-18",2018,2017,"Philadelphia 76ers",1.7,"42.5",10,"Shooting Guard and Small Forward"
"313","Marcus Georges-Hunt","2018",-1.579524,"georgma01",1312611,"2017-18",2018,2017,"Minnesota Timberwolves",0.2,"41.8",1.6,"Shooting Guard"
"314","Marcus Morris","2018",0.4923457,"morrima03",5e+06,"2017-18",2018,2017,"Boston Celtics",1.5,"43.1",11.5,"Small Forward and Power Forward"
"315","Marcus Smart","2018",0.4074494,"smartma01",4538020,"2017-18",2018,2017,"Boston Celtics",3.9,"37.2",9.3,"Shooting Guard and Point Guard"
"316","Mario Chalmers","2018",0.1598952,"chalmma01",2106407,"2017-18",2018,2017,"Memphis Grizzlies",3.7,"41.7",8.9,"Point Guard"
"317","Mario Hezonja","2018",0.3046756,"hezonma01",4078320,"2017-18",2018,2017,"Orlando Magic",1.3,"41.7",7.3,"Small Forward"
"318","Markelle Fultz","2018",1.773343,"fultzma01",7026240,"2017-18",2018,2017,"Philadelphia 76ers",3.4,"41.4",7.7,"Shooting Guard"
"319","Markieff Morris","2018",0.3877054,"morrima02",8e+06,"2017-18",2018,2017,"Washington Wizards",1.7,"44.9",11.6,"Power Forward"
"320","Marquese Chriss","2018",0.5148461,"chrisma01",3073800,"2017-18",2018,2017,"Phoenix Suns",0.8,"42.9",7.6,"Power Forward"
"321","Marquis Teague","2018",-4.34797,"teaguma01",157945,"2017-18",2018,2017,"Memphis Grizzlies",1.5,"34.3",2.4,"Point Guard and Shooting Guard"
"322","Marreese Speights","2018",0.6634808,"speigma01",1471382,"2017-18",2018,2017,"Orlando Magic",0.7,"45.9",7.9,"Power Forward and Center"
"323","MarShon Brooks","2018",-1.431783,"brookma01",332477,"2017-18",2018,2017,"Memphis Grizzlies",1.4,"44.7",8,"Shooting Guard"
"324","Marvin Williams","2018",-0.2923508,"willima02",13168750,"2017-18",2018,2017,"Charlotte Hornets",1.3,"44.3",10.5,"Power Forward and Small Forward"
"325","Mason Plumlee","2018",1.226631,"plumlma01",14041096,"2017-18",2018,2017,"Denver Nuggets",2.2,"57.0",8.5,"Center"
"326","Matthew Dellavedova","2018",-1.00318,"dellama01",9607500,"2017-18",2018,2017,"Milwaukee Bucks",3.7,"39.2",6,"Point Guard and Shooting Guard"
"327","Maurice Harkless","2018",1.172922,"harklma01",10162922,"2017-18",2018,2017,"Portland Trail Blazers",0.9,"47.6",7.3,"Small Forward"
"328","Maxi Kleber","2018",-1.097707,"klebima01",815615,"2017-18",2018,2017,"Dallas Mavericks",0.8,"46.9",6.1,"Power Forward"
"329","Meyers Leonard","2018",-2.85392,"leoname01",9904495,"2017-18",2018,2017,"Portland Trail Blazers",0.9,"47.9",5.6,"Power Forward and Center"
"330","Michael Beasley","2018",-0.6878642,"beaslmi01",1471382,"2017-18",2018,2017,"New York Knicks",1.3,"46.5",12.4,"Power Forward and Small Forward"
"331","Michael Carter-Williams","2018",-0.3013766,"cartemi01",2700000,"2017-18",2018,2017,"Charlotte Hornets",4.6,"40.1",10.9,"Point Guard"
"332","Michael Kidd-Gilchrist","2018",0.4785743,"kiddgmi01",1.3e+07,"2017-18",2018,2017,"Charlotte Hornets",1.2,"47.7",8.8,"Small Forward and Power Forward"
"333","Mike Conley","2018",2.416815,"conlemi01",28530608,"2017-18",2018,2017,"Memphis Grizzlies",5.7,"44.1",14.9,"Point Guard"
"334","Mike Muscala","2018",0.0602083,"muscami01",5e+06,"2017-18",2018,2017,"Atlanta Hawks",0.9,"46.8",5.7,"Power Forward and Center"
"335","Mike Scott","2018",-0.3615033,"scottmi01",1471382,"2017-18",2018,2017,"Washington Wizards",0.9,"46.4",7.1,"Power Forward"
"336","Miles Plumlee","2018",1.275791,"plumlmi01",12500000,"2017-18",2018,2017,"Atlanta Hawks",0.5,"54.2",4.9,"Center"
"337","Milos Teodosic","2018",-1.948457,"teodomi01",6e+06,"2017-18",2018,2017,"Los Angeles Clippers",4,"42.0",8,"Point Guard"
"338","Mindaugas Kuzminskas","2018",-2.493646,"kuzmimi01",3025035,"2017-18",2018,2017,"New York Knicks",1,"42.6",6.2,"Small Forward"
"339","Mirza Teletovic","2018",-0.0136337,"teletmi01",10500000,"2017-18",2018,2017,"Milwaukee Bucks",0.8,"40.6",8.1,"Small Forward and Power Forward"
"340","Montrezl Harrell","2018",0.8819256,"harremo01",1471382,"2017-18",2018,2017,"Los Angeles Clippers",1.2,"62.9",11.2,"Power Forward and Center"
"341","Myles Turner","2018",0.9450559,"turnemy01",2569920,"2017-18",2018,2017,"Indiana Pacers",1.2,"49.5",12.9,"Center"
"342","Nemanja Bjelica","2018",0.9088361,"bjeline01",3949999,"2017-18",2018,2017,"Minnesota Timberwolves",1.5,"46.0",7.1,"Power Forward"
"343","Nene","2018",1.873647,"hilarne01",3477600,"2017-18",2018,2017,"Houston Rockets",1.8,"54.8",11.3,"Power Forward and Center"
"344","Nerlens Noel","2018",0.1241443,"noelne01",4187599,"2017-18",2018,2017,"Dallas Mavericks",1.2,"52.3",8.2,"Power Forward and Center"
"345","Nick Collison","2018",-0.4083085,"collini01",2328652,"2017-18",2018,2017,"Oklahoma City Thunder",1,"53.4",5.9,"Power Forward and Center"
"346","Nick Young","2018",-1.22327,"youngni01",5192000,"2017-18",2018,2017,"Golden State Warriors",1,"41.8",11.4,"Shooting Guard"
"347","Nicolas Batum","2018",-1.377146,"batumni01",22434783,"2017-18",2018,2017,"Charlotte Hornets",3.8,"43.5",11.8,"Small Forward and Shooting Guard"
"348","Nicolas Brussino","2018",4.958299,"brussni01",905249,"2017-18",2018,2017,"Atlanta Hawks",0.8,"36.4",2.6,"Small Forward and Shooting Guard"
"349","Nigel Hayes","2018",2.448363,"hayesni01",50000,"2017-18",2018,2017,"New York Knicks",0.7,"33.3",3,"Small Forward"
"350","Nigel Hayes","2018",2.448363,"hayesni01",46080,"2017-18",2018,2017,"Los Angeles Lakers",0.7,"33.3",3,"Small Forward"
"351","Nigel Hayes","2018",2.448363,"hayesni01",55296,"2017-18",2018,2017,"Sacramento Kings",0.7,"33.3",3,"Small Forward"
"352","Nigel Hayes","2018",2.448363,"hayesni01",92160,"2017-18",2018,2017,"Toronto Raptors",0.7,"33.3",3,"Small Forward"
"353","Nik Stauskas","2018",1.206937,"stausni01",3807147,"2017-18",2018,2017,"Brooklyn Nets",1.5,"38.9",6.8,"Shooting Guard"
"354","Nikola Jokic","2018",-1.756373,"jokicni01",1471382,"2017-18",2018,2017,"Denver Nuggets",5.1,"52.3",16.3,"Center"
"355","Nikola Mirotic","2018",0.3508805,"mirotni01",12500000,"2017-18",2018,2017,"New Orleans Pelicans",1.3,"42.3",12.3,"Power Forward"
"356","Nikola Vucevic","2018",-1.014983,"vucevni01",12250000,"2017-18",2018,2017,"Orlando Magic",2.4,"50.2",15.7,"Center"
"357","Noah Vonleh","2018",-0.1632739,"vonleno01",3505233,"2017-18",2018,2017,"Chicago Bulls",0.8,"45.3",5.1,"Power Forward"
"358","Norman Powell","2018",-0.6844642,"powelno01",1471382,"2017-18",2018,2017,"Toronto Raptors",1.2,"44.2",7.1,"Shooting Guard"
"359","OG Anunoby","2018",0.0624123,"anunoog01",1645200,"2017-18",2018,2017,"Toronto Raptors",0.7,"46.1",6.4,"Small Forward"
"360","Okaro White","2018",0.0084546,"whiteok01",1312611,"2017-18",2018,2017,"Atlanta Hawks",0.5,"38.1",2.7,"Power Forward"
"361","Okaro White","2018",0.0084546,"whiteok01",111238,"2017-18",2018,2017,"Cleveland Cavaliers",0.5,"38.1",2.7,"Power Forward"
"362","Omari Johnson","2018",-5.99612,"johnsom01",27648,"2017-18",2018,2017,"Memphis Grizzlies",1.8,"42.9",5.5,"Power Forward"
"363","Omer Asik","2018",2.234809,"asikom01",10595505,"2017-18",2018,2017,"Chicago Bulls",0.6,"52.8",5.3,"Center"
"364","Omri Casspi","2018",1.569746,"casspom01",1471382,"2017-18",2018,2017,"Golden State Warriors",1.1,"45.4",7.9,"Small Forward and Power Forward"
"365","Pascal Siakam","2018",0.2065345,"siakapa01",1312611,"2017-18",2018,2017,"Toronto Raptors",2,"53.1",10.1,"Power Forward"
"366","Pat Connaughton","2018",2.262101,"connapa01",1471382,"2017-18",2018,2017,"Portland Trail Blazers",1.2,"43.9",4.6,"Shooting Guard"
"367","Patrick Beverley","2018",-2.872156,"beverpa01",5513514,"2017-18",2018,2017,"Los Angeles Clippers",3.5,"41.2",9,"Point Guard and Shooting Guard"
"368","Patrick McCaw","2018",-0.5795723,"mccawpa01",1312611,"2017-18",2018,2017,"Golden State Warriors",1.2,"42.0",3.7,"Shooting Guard"
"369","Patrick Patterson","2018",-0.3975873,"pattepa01",5192000,"2017-18",2018,2017,"Oklahoma City Thunder",1.1,"45.0",6.9,"Power Forward"
"370","Patty Mills","2018",-0.8687855,"millspa02",10714286,"2017-18",2018,2017,"San Antonio Spurs",2.4,"43.1",8.4,"Point Guard"
"371","Pau Gasol","2018",1.551924,"gasolpa01",1.6e+07,"2017-18",2018,2017,"San Antonio Spurs",3.2,"50.7",17,"Center and Power Forward"
"372","Paul George","2018",-1.223345,"georgpa01",19508958,"2017-18",2018,2017,"Oklahoma City Thunder",3.3,"43.3",19.8,"Small Forward and Shooting Guard"
"373","Paul Millsap","2018",2.443565,"millspa01",31269231,"2017-18",2018,2017,"Denver Nuggets",2.3,"49.1",14.1,"Power Forward"
"374","Paul Zipser","2018",-1.71735,"zipsepa01",1312611,"2017-18",2018,2017,"Chicago Bulls",0.8,"37.1",4.7,"Small Forward"
"375","Quincy Acy","2018",-0.3730273,"acyqu01",1709538,"2017-18",2018,2017,"Brooklyn Nets",0.6,"44.4",4.9,"Power Forward and Small Forward"
"376","Quincy Pondexter","2018",-0.8676143,"pondequ01",3853931,"2017-18",2018,2017,"Chicago Bulls",0.7,"42.3",4.5,"Small Forward and Shooting Guard"
"377","Rajon Rondo","2018",-1.792897,"rondora01",3300000,"2017-18",2018,2017,"New Orleans Pelicans",8.5,"46.0",10.4,"Point Guard"
"378","Rajon Rondo","2018",-1.792897,"rondora01",3e+06,"2017-18",2018,2017,"Chicago Bulls",8.5,"46.0",10.4,"Point Guard"
"379","Ramon Sessions","2018",-0.4508174,"sessira01",390706,"2017-18",2018,2017,"Washington Wizards",4.1,"43.4",10.3,"Point Guard and Shooting Guard"
"380","Ramon Sessions","2018",-0.4508174,"sessira01",1471382,"2017-18",2018,2017,"New York Knicks",4.1,"43.4",10.3,"Point Guard and Shooting Guard"
"381","Rashad Vaughn","2018",2.149994,"vaughra01",166258,"2017-18",2018,2017,"Orlando Magic",0.5,"33.7",3,"Shooting Guard"
"382","Rashad Vaughn","2018",2.149994,"vaughra01",1889040,"2017-18",2018,2017,"New Orleans Pelicans",0.5,"33.7",3,"Shooting Guard"
"383","Raul Neto","2018",3.326163,"netora01",1471382,"2017-18",2018,2017,"Utah Jazz",1.9,"44.3",4.8,"Point Guard"
"384","Raymond Felton","2018",0.6830324,"feltora01",1471382,"2017-18",2018,2017,"Oklahoma City Thunder",5.2,"41.2",11.2,"Point Guard and Shooting Guard"
"385","Reggie Bullock","2018",-0.3557477,"bullore01",2500000,"2017-18",2018,2017,"Detroit Pistons",1.1,"43.4",6.8,"Shooting Guard and Small Forward"
"386","Reggie Jackson","2018",-0.7503935,"jacksre01",1.6e+07,"2017-18",2018,2017,"Detroit Pistons",4.4,"42.9",12.9,"Point Guard"
"387","Richard Jefferson","2018",-3.461446,"jefferi01",1454756,"2017-18",2018,2017,"Denver Nuggets",2,"46.4",12.6,"Small Forward"
"388","Richard Jefferson","2018",-3.461446,"jefferi01",2500000,"2017-18",2018,2017,"Atlanta Hawks",2,"46.4",12.6,"Small Forward"
"389","Richaun Holmes","2018",0.7384267,"holmeri01",1471382,"2017-18",2018,2017,"Philadelphia 76ers",0.9,"56.5",7.7,"Center and Power Forward"
"390","Ricky Rubio","2018",-1.266144,"rubiori01",14275000,"2017-18",2018,2017,"Utah Jazz",7.7,"38.8",11.1,"Point Guard"
"391","Robert Covington","2018",-0.4108775,"covinro01",16698103,"2017-18",2018,2017,"Philadelphia 76ers",1.6,"40.2",12.7,"Small Forward"
"392","Robin Lopez","2018",0.4986808,"lopezro01",13788500,"2017-18",2018,2017,"Chicago Bulls",0.8,"53.1",9.1,"Center"
"393","Rodney Hood","2018",-2.084581,"hoodro01",2386864,"2017-18",2018,2017,"Cleveland Cavaliers",1.9,"42.2",12.6,"Shooting Guard"
"394","Rodney McGruder","2018",-1.482651,"mcgruro01",1312611,"2017-18",2018,2017,"Miami Heat",1.6,"41.4",6.7,"Shooting Guard"
"395","Rodney Purvis","2018",1.509552,"purviro01",161280,"2017-18",2018,2017,"Orlando Magic",1.1,"32.7",6,"Shooting Guard"
"396","Ron Baker","2018",0.061465,"bakerro01",4328000,"2017-18",2018,2017,"New York Knicks",1.8,"35.8",3.1,"Shooting Guard"
"397","Rondae Hollis-Jefferson","2018",-0.1351819,"holliro01",1471382,"2017-18",2018,2017,"Brooklyn Nets",2,"44.4",9.9,"Small Forward"
"398","Royce O'Neale","2018",1.120102,"onealro01",815615,"2017-18",2018,2017,"Utah Jazz",1.5,"45.1",5.1,"Small Forward"
"399","Rudy Gay","2018",1.162448,"gayru01",8406000,"2017-18",2018,2017,"San Antonio Spurs",2.2,"45.6",17.6,"Power Forward and Small Forward"
"400","Rudy Gobert","2018",2.174937,"goberru01",21974719,"2017-18",2018,2017,"Utah Jazz",1.3,"62.9",11.1,"Center"
"401","Russell Westbrook","2018",-0.5728385,"westbru01",28530608,"2017-18",2018,2017,"Oklahoma City Thunder",8.4,"43.4",23,"Point Guard"
"402","Ryan Anderson","2018",0.2810977,"anderry01",19578455,"2017-18",2018,2017,"Houston Rockets",0.9,"42.2",12.4,"Power Forward"
"403","Salah Mejri","2018",1.405898,"mejrisa01",1471382,"2017-18",2018,2017,"Dallas Mavericks",0.5,"60.3",3.4,"Center"
"404","Sam Dekker","2018",-0.2548563,"dekkesa01",1794600,"2017-18",2018,2017,"Los Angeles Clippers",0.8,"47.8",5.5,"Power Forward"
"405","Scotty Hopson","2018",3.88474,"hopsosc01",74159,"2017-18",2018,2017,"Dallas Mavericks",0.7,"0.0",0.7,"Shooting Guard"
"406","Sean Kilpatrick","2018",-2.934147,"kilpase01",166258,"2017-18",2018,2017,"Los Angeles Clippers",1.5,"41.3",10.3,"Shooting Guard"
"407","Sean Kilpatrick","2018",-2.934147,"kilpase01",789725,"2017-18",2018,2017,"Milwaukee Bucks",1.5,"41.3",10.3,"Shooting Guard"
"408","Sean Kilpatrick","2018",-2.934147,"kilpase01",1524305,"2017-18",2018,2017,"Brooklyn Nets",1.5,"41.3",10.3,"Shooting Guard"
"409","Sean Kilpatrick","2018",-2.934147,"kilpase01",2163006,"2017-18",2018,2017,"Chicago Bulls",1.5,"41.3",10.3,"Shooting Guard"
"410","Semi Ojeleye","2018",0.4333336,"ojelese01",1291892,"2017-18",2018,2017,"Boston Celtics",0.3,"38.2",3,"Power Forward"
"411","Serge Ibaka","2018",-0.1452635,"ibakase01",20061729,"2017-18",2018,2017,"Toronto Raptors",0.7,"51.4",12.3,"Power Forward and Center"
"412","Shabazz Muhammad","2018",-1.648578,"muhamsh01",324203,"2017-18",2018,2017,"Milwaukee Bucks",0.5,"47.3",9,"Small Forward and Shooting Guard"
"413","Shabazz Muhammad","2018",-1.648578,"muhamsh01",1238616,"2017-18",2018,2017,"Minnesota Timberwolves",0.5,"47.3",9,"Small Forward and Shooting Guard"
"414","Shabazz Napier","2018",0.3535013,"napiesh01",2361360,"2017-18",2018,2017,"Portland Trail Blazers",2,"39.3",6.4,"Point Guard"
"415","Shane Larkin","2018",-1.423487,"larkish01",1471382,"2017-18",2018,2017,"Boston Celtics",2.9,"42.2",5.5,"Point Guard"
"416","Shaquille Harrison","2018",1.557239,"harrish01",267160,"2017-18",2018,2017,"Phoenix Suns",2,"44.2",6.5,"Point Guard"
"417","Shaun Livingston","2018",-0.1144816,"livinsh01",7692308,"2017-18",2018,2017,"Golden State Warriors",3,"48.6",6.3,"Shooting Guard and Point Guard"
"418","Shelvin Mack","2018",-1.867653,"macksh01",6e+06,"2017-18",2018,2017,"Orlando Magic",3.1,"42.3",6.6,"Shooting Guard and Point Guard"
"419","Sindarius Thornwell","2018",0.6476371,"thornsi01",815615,"2017-18",2018,2017,"Los Angeles Clippers",0.6,"41.5",2.5,"Shooting Guard"
"420","Skal Labissiere","2018",-0.0726948,"labissk01",1312611,"2017-18",2018,2017,"Sacramento Kings",1,"48.0",7.6,"Power Forward"
"421","Solomon Hill","2018",-1.831623,"hillso01",12236535,"2017-18",2018,2017,"New Orleans Pelicans",1.5,"39.5",5.9,"Small Forward"
"422","Spencer Dinwiddie","2018",0.1485524,"dinwisp01",1524305,"2017-18",2018,2017,"Brooklyn Nets",4.5,"40.8",11,"Point Guard"
"423","Stanley Johnson","2018",-0.1080995,"johnsst04",3097800,"2017-18",2018,2017,"Detroit Pistons",1.5,"37.4",7,"Small Forward"
"424","Stephen Curry","2018",-0.4793334,"curryst01",34682550,"2017-18",2018,2017,"Golden State Warriors",6.6,"47.7",23.5,"Point Guard"
"425","Sterling Brown","2018",-1.225191,"brownst02",815615,"2017-18",2018,2017,"Milwaukee Bucks",1,"43.9",5.3,"Shooting Guard"
"426","Steven Adams","2018",1.208081,"adamsst01",22471910,"2017-18",2018,2017,"Oklahoma City Thunder",1,"58.8",9.7,"Center"
"427","T.J. McConnell","2018",1.577088,"mccontj01",1471382,"2017-18",2018,2017,"Philadelphia 76ers",4.7,"48.7",6.4,"Point Guard"
"428","T.J. Warren","2018",0.0647411,"warretj01",3152931,"2017-18",2018,2017,"Phoenix Suns",1.1,"49.7",14.4,"Small Forward"
"429","Taj Gibson","2018",-0.1510231,"gibsota01",1.4e+07,"2017-18",2018,2017,"Minnesota Timberwolves",1,"51.2",9.8,"Power Forward"
"430","Tarik Black","2018",2.218146,"blackta01",3290000,"2017-18",2018,2017,"Houston Rockets",0.5,"55.0",4.9,"Center"
"431","Taurean Prince","2018",-0.4015887,"princta02",2422560,"2017-18",2018,2017,"Atlanta Hawks",2,"42.7",11.4,"Small Forward"
"432","Terrance Ferguson","2018",-0.0324401,"fergute01",1785000,"2017-18",2018,2017,"Oklahoma City Thunder",0.7,"42.5",5.2,"Shooting Guard"
"433","Terrence Ross","2018",1.539975,"rosste01",10500000,"2017-18",2018,2017,"Orlando Magic",1.1,"42.3",10.5,"Small Forward and Shooting Guard"
"434","Terry Rozier","2018",0.5626435,"roziete01",1988520,"2017-18",2018,2017,"Boston Celtics",2.3,"38.0",7.7,"Point Guard"
"435","Thabo Sefolosha","2018",-0.1230812,"sefolth01",5250000,"2017-18",2018,2017,"Utah Jazz",1.4,"45.0",5.9,"Small Forward and Shooting Guard"
"436","Thaddeus Young","2018",0.5140552,"youngth01",14796348,"2017-18",2018,2017,"Indiana Pacers",1.7,"50.1",13.4,"Power Forward"
"437","Thomas Bryant","2018",-4.072073,"bryanth01",815615,"2017-18",2018,2017,"Los Angeles Lakers",1.1,"60.6",9,"Center"
"438","Thon Maker","2018",-0.2436213,"makerth01",2684160,"2017-18",2018,2017,"Milwaukee Bucks",0.6,"42.1",4.6,"Center and Power Forward"
"439","Tim Frazier","2018",-2.149257,"fraziti01",2e+06,"2017-18",2018,2017,"Washington Wizards",4.1,"41.2",5.2,"Point Guard"
"440","Tim Hardaway Jr.","2018",-0.173908,"hardati02",16500000,"2017-18",2018,2017,"New York Knicks",1.8,"41.8",13.1,"Shooting Guard"
"441","Tim Quarterman","2018",-3.433043,"quartti01",96406,"2017-18",2018,2017,"Houston Rockets",0.6,"43.8",1.8,"Shooting Guard"
"442","Timofey Mozgov","2018",1.330099,"mozgoti01",15280000,"2017-18",2018,2017,"Brooklyn Nets",0.6,"53.5",6.8,"Center"
"443","Timothe Luwawu-Cabarrot","2018",0.367305,"luwawti01",1386600,"2017-18",2018,2017,"Philadelphia 76ers",0.9,"38.7",5.7,"Small Forward"
"444","Tobias Harris","2018",-0.1615683,"harrito02",1.6e+07,"2017-18",2018,2017,"Los Angeles Clippers",1.9,"47.1",15.4,"Power Forward and Small Forward"
"445","Tomas Satoransky","2018",0.5930712,"satorto01",3e+06,"2017-18",2018,2017,"Washington Wizards",3.7,"48.9",6.6,"Shooting Guard and Point Guard"
"446","Tony Allen","2018",-0.6301055,"allento01",1471382,"2017-18",2018,2017,"Chicago Bulls",1.3,"47.5",8.1,"Shooting Guard and Small Forward and Point Guard"
"447","Tony Bradley","2018",-6.368362,"bradlto01",1414920,"2017-18",2018,2017,"Utah Jazz",0.2,"40.7",2.1,"Center"
"448","Tony Parker","2018",-1.136791,"parketo01",15453126,"2017-18",2018,2017,"San Antonio Spurs",5.6,"49.1",15.5,"Point Guard"
"449","Tony Snell","2018",-1.110257,"snellto01",9821429,"2017-18",2018,2017,"Milwaukee Bucks",1,"42.5",6.2,"Shooting Guard and Small Forward"
"450","Travis Wear","2018",3.336361,"weartr01",296636,"2017-18",2018,2017,"Los Angeles Lakers",0.7,"38.8",4,"Small Forward"
"451","Treveon Graham","2018",-0.3128412,"grahatr01",1312611,"2017-18",2018,2017,"Charlotte Hornets",0.8,"39.6",4.1,"Shooting Guard"
"452","Trevor Ariza","2018",-1.197811,"arizatr01",7420912,"2017-18",2018,2017,"Houston Rockets",2.2,"42.2",10.7,"Small Forward and Shooting Guard"
"453","Trevor Booker","2018",0.7200575,"booketr01",8725000,"2017-18",2018,2017,"Philadelphia 76ers",1.1,"51.5",6.9,"Power Forward"
"454","Trevor Booker","2018",0.7200575,"booketr01",332516,"2017-18",2018,2017,"Indiana Pacers",1.1,"51.5",6.9,"Power Forward"
"455","Trey Burke","2018",0.8037031,"burketr01",784160,"2017-18",2018,2017,"New York Knicks",3.6,"40.8",10.9,"Point Guard"
"456","Trey Lyles","2018",0.7216117,"lylestr01",2441400,"2017-18",2018,2017,"Denver Nuggets",1.1,"43.1",7.6,"Power Forward"
"457","Trey McKinney-Jones","2018",-2.493646,"mckintr01",46080,"2017-18",2018,2017,"Indiana Pacers",0,"-",0,"Shooting Guard"
"458","Tristan Thompson","2018",-0.819589,"thomptr01",16400000,"2017-18",2018,2017,"Cleveland Cavaliers",0.9,"51.9",9.2,"Power Forward and Center"
"459","Troy Daniels","2018",-1.158183,"danietr01",3408520,"2017-18",2018,2017,"Phoenix Suns",0.6,"40.2",7,"Shooting Guard"
"460","Troy Williams","2018",0.6359671,"willitr02",1471382,"2017-18",2018,2017,"Houston Rockets",0.7,"44.9",6,"Small Forward"
"461","Troy Williams","2018",0.6359671,"willitr02",370794,"2017-18",2018,2017,"New York Knicks",0.7,"44.9",6,"Small Forward"
"462","Ty Lawson","2018",1.438994,"lawsoty01",8313,"2017-18",2018,2017,"Washington Wizards",6,"46.0",12.7,"Point Guard"
"463","Tyler Cavanaugh","2018",-3.310251,"cavanty01",729919,"2017-18",2018,2017,"Atlanta Hawks",0.6,"43.2",3.8,"Power Forward"
"464","Tyler Dorsey","2018",-1.09302,"dorsety01",815615,"2017-18",2018,2017,"Atlanta Hawks",1.3,"38.9",6.7,"Shooting Guard"
"465","Tyler Ennis","2018",0.7595849,"ennisty01",1524305,"2017-18",2018,2017,"Los Angeles Lakers",1.9,"41.9",4.2,"Point Guard"
"466","Tyler Johnson","2018",-0.1683864,"johnsty01",5881260,"2017-18",2018,2017,"Miami Heat",2.5,"43.3",11,"Shooting Guard and Point Guard"
"467","Tyler Lydon","2018",-8.817991,"lydonty01",1579440,"2017-18",2018,2017,"Denver Nuggets",0.2,"50.0",0.9,"Power Forward"
"468","Tyler Ulis","2018",-0.9642695,"ulisty01",1312611,"2017-18",2018,2017,"Phoenix Suns",4,"40.3",7.5,"Point Guard"
"469","Tyler Zeller","2018",0.3752704,"zellety01",1709538,"2017-18",2018,2017,"Milwaukee Bucks",0.9,"50.9",7,"Center"
"470","Tyreke Evans","2018",0.3296089,"evansty01",3290000,"2017-18",2018,2017,"Memphis Grizzlies",4.8,"44.0",15.7,"Small Forward and Shooting Guard and Point Guard"
"471","Tyson Chandler","2018",-0.1036723,"chandty01",1.3e+07,"2017-18",2018,2017,"Phoenix Suns",0.8,"59.6",8.4,"Center and Power Forward"
"472","Tyus Jones","2018",-0.9094095,"jonesty01",1471382,"2017-18",2018,2017,"Minnesota Timberwolves",3.3,"41.9",5.1,"Point Guard"
"473","Udonis Haslem","2018",5.152207,"hasleud01",1471382,"2017-18",2018,2017,"Miami Heat",0.9,"49.0",7.6,"Power Forward and Center"
"474","Victor Oladipo","2018",0.0997797,"oladivi01",2.1e+07,"2017-18",2018,2017,"Indiana Pacers",4,"44.3",17.5,"Shooting Guard and Point Guard"
"475","Vince Carter","2018",-0.0829051,"cartevi01",8e+06,"2017-18",2018,2017,"Sacramento Kings",3.2,"43.7",17.2,"Small Forward and Shooting Guard"
"476","Wayne Ellington","2018",-0.868885,"ellinwa01",6270000,"2017-18",2018,2017,"Miami Heat",1.1,"41.0",8.2,"Shooting Guard"
"477","Wayne Selden","2018",0.1637874,"seldewa01",1312611,"2017-18",2018,2017,"Memphis Grizzlies",1.5,"41.6",7.3,"Shooting Guard"
"478","Wesley Johnson","2018",-0.0610981,"johnswe01",5881260,"2017-18",2018,2017,"Los Angeles Clippers",1.1,"40.4",7,"Shooting Guard and Small Forward"
"479","Wesley Matthews","2018",-0.054306,"matthwe02",17884176,"2017-18",2018,2017,"Dallas Mavericks",2.2,"42.5",13.7,"Small Forward and Shooting Guard"
"480","Will Barton","2018",-1.133164,"bartowi01",3533333,"2017-18",2018,2017,"Denver Nuggets",2.4,"43.1",10.5,"Shooting Guard"
"481","Willie Cauley-Stein","2018",0.1591117,"caulewi01",3704160,"2017-18",2018,2017,"Sacramento Kings",1.6,"53.4",10.1,"Center"
"482","Willie Reed","2018",2.306212,"reedwi02",1471382,"2017-18",2018,2017,"Chicago Bulls",0.3,"59.2",4.9,"Center"
"483","Willy Hernangomez","2018",-0.752775,"hernawi01",1435750,"2017-18",2018,2017,"Charlotte Hornets",1.1,"53.0",7,"Center"
"484","Wilson Chandler","2018",0.7650917,"chandwi01",12016854,"2017-18",2018,2017,"Denver Nuggets",1.8,"44.4",12.9,"Shooting Guard and Small Forward and Power Forward"
"485","Xavier Rathan-Mayes","2018",-3.342604,"rathaxa01",46080,"2017-18",2018,2017,"Memphis Grizzlies",3.6,"28.6",5.8,"Shooting Guard"
"486","Xavier Silas","2018",9.830282,"silasxa01",74159,"2017-18",2018,2017,"Boston Celtics",0.8,"22.2",2.8,"Shooting Guard"
"487","Yogi Ferrell","2018",-1.85968,"ferreyo01",1312611,"2017-18",2018,2017,"Dallas Mavericks",2.6,"42.3",8.6,"Shooting Guard and Point Guard"
"488","Zach Collins","2018",0.6808689,"colliza01",3057240,"2017-18",2018,2017,"Portland Trail Blazers",0.9,"44.1",5.6,"Center"
"489","Zach LaVine","2018",-0.4291768,"lavinza01",3202217,"2017-18",2018,2017,"Chicago Bulls",3.5,"44.6",16.1,"Point Guard and Shooting Guard"
"490","Zach Randolph","2018",-2.473518,"randoza01",12307692,"2017-18",2018,2017,"Sacramento Kings",1.8,"47.1",16.6,"Power Forward and Center"
"491","Zaza Pachulia","2018",-0.5906982,"pachuza01",3477600,"2017-18",2018,2017,"Golden State Warriors",1.3,"46.9",6.8,"Center"
"492","Zhou Qi","2018",2.325245,"qizh01",815615,"2017-18",2018,2017,"Houston Rockets",0.1,"21.2",1.3,"Power Forward and Center"
